{
    "avg_precision": 0.5204572395074611,
    "roc_auc": 0.9391339585030312
}